<include>
  <!--
      ipauth if you have an cidr= in the user attributes ie cidr="1.2.3.4/32"  
      see <node type="allow" domain="$${domain}"/> in default acl.conf.xml 
  -->
  <user id="bbbuser">
    <params>
      <!-- omit password for authless registration -->
      <param name="password" value="secret"/>
      <!-- What this user is allowed to acces --> 
      <!--<param name="http-allowed-api" value="jsapi,voicemail,status"/> -->
    </params>
    <variables>
      <!--all variables here will be set on all inbound calls that originate from this user -->
      <variable name="user_context" value="default"/>
      <variable name="effective_caller_id_name" value="BigBlueButton"/>
      <variable name="effective_caller_id_number" value="1000"/>
      <!-- Don't write a CDR if this is false valid values are: true, false, a_leg and b_leg -->
      <variable name="process_cdr" value="true"/>
      <!-- sip_secure_media will offer mandatory SRTP on invite AES_CM_128_HMAC_SHA1_32, AES_CM_128_HMAC_SHA1_80 or true-->
      <variable name="sip_secure_media" value="false"/>
    </variables>

    <vcard>
      <!-- insert optional compliant vcard xml here-->
    </vcard>
  </user>
</include>
